cluster,FS_mean,PT_mean,EC_mean,PD_mean
1,3.667247386759582,3.7884519661523144,3.863613738178198,2.934793429566949
2,2.670888704318937,3.461794019933555,3.163205980066445,2.3502906976744184
