cluster,FS_mean,PT_mean,EC_mean,PD_mean
1,3.693500494886176,3.844935664797097,3.9191685912240186,2.9376443418013856
2,2.7390070921985816,3.446403242147923,3.158662613981763,2.328267477203647
