cluster,FS_mean,PT_mean,EC_mean,PD_mean
1,2.700043159257661,3.34548985757445,3.084592145015106,2.359948208890807
2,3.5457989748161354,3.861154446177847,3.867171829730332,2.866280365500334
