cluster,FS_mean,PT_mean,EC_mean,PD_mean
1,3.670284938941655,4.000775344058926,3.97228144989339,2.9362279511533242
2,2.8291879251700682,3.355123299319728,3.2023809523809526,2.42687074829932
