,DoF,DoF Baseline,chi2,chi2 p-value,chi2 Baseline,CFI,GFI,AGFI,NFI,TLI,RMSEA,AIC,BIC,LogLik
Value,344,378,3084.942147394735,0.0,9439.095998546827,0.6975043473952474,0.673173983200333,0.6408714117724589,0.673173983200333,0.6676065212657079,0.0837125325667469,118.57830905554528,430.8740211660944,2.7108454722273594
