,DoF,DoF Baseline,chi2,chi2 p-value,chi2 Baseline,CFI,GFI,AGFI,NFI,TLI,RMSEA,AIC,BIC,LogLik
Value,344,378,3084.9421473947377,0.0,9439.095998546827,0.6975043473952471,0.6731739832003327,0.6408714117724587,0.6731739832003327,0.6676065212657076,0.08371253256674695,118.57830905554528,430.8740211660944,2.7108454722273616
