,DoF,DoF Baseline,chi2,chi2 p-value,chi2 Baseline,CFI,GFI,AGFI,NFI,TLI,RMSEA,AIC,BIC,LogLik
Value,344,378,3349.8476543583092,0.0,10817.951424987821,0.7120822183938642,0.6903436221186323,0.6597380498861716,0.6903436221186323,0.6836252283513973,0.08324280731984193,118.69120815474119,437.399296827013,2.654395922629405
