,DoF,DoF Baseline,chi2,chi2 p-value,chi2 Baseline,CFI,GFI,AGFI,NFI,TLI,RMSEA,AIC,BIC,LogLik
Value,344,378,3085.1717516172275,0.0,9444.774337064127,0.697668470647651,0.6733461656664376,0.641060612273004,0.6733461656664376,0.6677868660023608,0.08581738410040488,118.30254524170411,427.5269405557655,2.848727379147948
