,DoF,DoF Baseline,chi2,chi2 p-value,chi2 Baseline,CFI,GFI,AGFI,NFI,TLI,RMSEA,AIC,BIC,LogLik
Value,344,378,5363.889183171811,0.0,16138.824529057058,0.6814957761938777,0.6676406529165475,0.6347911825652761,0.6676406529165475,0.6500157075618773,0.0837599050223991,118.84489266393868,468.56232990034397,2.5775536680306637
