,DoF,DoF Baseline,chi2,chi2 p-value,chi2 Baseline,CFI,GFI,AGFI,NFI,TLI,RMSEA,AIC,BIC,LogLik
Value,344,378,3085.1717516172307,0.0,9444.774337064127,0.6976684706476507,0.6733461656664372,0.6410606122730037,0.6733461656664372,0.6677868660023603,0.08581738410040493,118.3025452417041,427.5269405557655,2.8487273791479506
