,DoF,DoF Baseline,chi2,chi2 p-value,chi2 Baseline,CFI,GFI,AGFI,NFI,TLI,RMSEA,AIC,BIC,LogLik
Value,344,378,3084.9421473947286,0.0,9439.095998546818,0.6975043473952478,0.6731739832003334,0.6408714117724594,0.6731739832003334,0.6676065212657083,0.08371253256674681,118.57830905554529,430.8740211660944,2.7108454722273536
