,DoF,DoF Baseline,chi2,chi2 p-value,chi2 Baseline,CFI,GFI,AGFI,NFI,TLI,RMSEA,AIC,BIC,LogLik
Value,344,378,3085.1717516172366,0.0,9444.774337064127,0.69766847064765,0.6733461656664366,0.6410606122730029,0.6733461656664366,0.6677868660023597,0.08581738410040501,118.30254524170408,427.5269405557655,2.8487273791479564
