,DoF,DoF Baseline,chi2,chi2 p-value,chi2 Baseline,CFI,GFI,AGFI,NFI,TLI,RMSEA,AIC,BIC,LogLik
Value,344,378,5363.889183171804,0.0,16138.824529057076,0.6814957761938785,0.6676406529165484,0.634791182565277,0.6676406529165483,0.6500157075618782,0.08375990502239904,118.84489266393868,468.562329900344,2.57755366803066
