,FS_mean,PT_mean,EC_mean,PD_mean
FS_mean,1.0,0.5168544579797114,0.5808530510650882,0.5848364002489823
PT_mean,0.5168544579797114,1.0,0.5130357963622524,0.48402669281047994
EC_mean,0.5808530510650882,0.5130357963622524,1.0,0.68789373167985
PD_mean,0.5848364002489823,0.48402669281047994,0.68789373167985,1.0
